Workbook

Sheet Read Me
B2: SLHE Video Game Creation - Cross-Engine Data Dictionary
B3: Purpose: a single, formal reference naming every variable, function, and file this course creates - one common cross-engine concept name (e.g. "Per-Frame Update Hook"), paired with each of the 8 engines' own actual name for that same concept, wherever the engines can express it. Built to drive Standards Rule 12's cross-engine naming/structure consistency goal, and to make it easy to spot where engines have drifted apart or genuinely can't match.
B5: Status as of this version: seeded with the three concepts fully worked out during Lesson 5's Rule 11/Rule 12 retrofit (the spawn-loop counter, the newly-spawned-enemy reference, and the per-frame update hook). Not yet an exhaustive audit of every lesson - grows as each concept is worked through. Not yet decided whether this document itself will ever be shown to students, or stays a production-only tool.
B7: How to use this workbook
B8: Dictionary tab: the actual data - one row per concept, one column per engine/coding-style. This is the source of truth; the other two tabs just present it differently. Add new rows here as new concepts are worked out; keep the existing column layout so the other tabs' formulas keep working.
B10: Concept Lookup tab: pick a Concept ID from the dropdown in cell C4 and every field for that concept displays below it, one per line - the closest Excel equivalent to an Access "Form" (single-record view) that this file format supports.
B12: Engine Report tab: pick an engine/style from the dropdown in cell C4 and every concept's name, that engine's specific term, and its notes list out below - the closest Excel equivalent to an Access "Report" (one engine's full reference sheet) that this file format supports.
B14: A note on format
B15: Robert's first choice was a real Microsoft Access database with a Form and a Report. That turned out not to be buildable in this project's working environment: Access's modern .accdb format has no Linux-native authoring tool at all (mdbtools, the standard Linux toolkit for Access files, only reads/writes the legacy Jet 3/4 .mdb format from Access 97/2000/2002), and more fundamentally, Access Forms and Reports are proprietary, VBA-hosted application objects with no file-level equivalent outside Access itself - nothing short of the real Access application, which requires Windows, can author a working Form or Report object. This workbook is the closest practical substitute: real per-record and per-engine views (Concept Lookup and Engine Report, above), built with formulas so they update automatically as the Dictionary tab grows, rather than a flat spreadsheet you have to scroll and filter by hand.
B17: Known open questions this dictionary will help settle
B18: The naming CASE convention (PascalCase vs. camelCase vs. snake_case) is not yet decided course-wide - see the Book Notes & To-Do document. Robert's stated leaning: favor cross-engine consistency in the chosen case style even where it overrides an engine's own idiomatic convention, explaining any such deviation via a Sidebar. Once decided, this dictionary is exactly the tool to check every engine's entries against the decision.
B20: Several Consistency Status values in the Dictionary tab are "Reconciliation Pending" or "Structural Gap" rather than "Consistent" - these are real, already-known inconsistencies (see each row's Notes column), not data-entry gaps. A "Not Applicable" status means the concept genuinely doesn't exist in that engine by design (e.g. GDevelop and 001 Game Creator have no per-frame update hook at all), which is a legitimate answer, not a missing one.

Sheet Dictionary
A1: ID | B1: Concept Name | C1: Category | D1: Description | E1: Scratch | F1: Godot (GDScript) | G1: GameMaker - Script (GML) | H1: GameMaker - Visual (GML Visual) | I1: Unity - C# (Script) | J1: Unity - Visual Scripting | K1: GDevelop | L1: 001 Game Creator | M1: TIC-80 (Lua) | N1: Unreal - Blueprint | O1: Unreal - C++ | P1: Consistency Status | Q1: Notes
A2: C001 | B2: Spawn Loop Counter | C2: Variable | D2: Tracks which enemy (0-based position) is being created during the Level 1 spawn loop; also drives Level 3's alternating stripe color. | E2: enemy_number (pending rename - see Notes) | F2: enemy_count | G2: enemy_count | H2: enemy_count | I2: enemyIndex (deviates - see Notes) | J2: Index (native ForLoop pin - not a chosen variable) | K2: EnemyIndex | L2: Not yet audited | M2: Not yet audited (known to still use bare i as of last audit) | N2: Index (native ForLoop pin - not a chosen variable) | O2: EnemyCount | P2: Reconciliation Pending | Q2: Winning word per Robert's explicit decision is "count" (enemy_count / EnemyCount) - reconciled across GameMaker, Godot, and Unreal's C++ track. Scratch (enemy_number) is queued for rename to match. Unity's enemyIndex deviates on purpose: Unity's EnemySpawner already has a public enemyCount field for the total-to-spawn, so reusing that name for the loop counter would shadow it - left as enemyIndex pending the Rule 12 coordinated pass. GDevelop's EnemyIndex is meaningful but a different underlying word ("index" vs. "count") - also queued for that same pass. Unity Visual Scripting's and Unreal Blueprint's "Index" are each engine's own fixed node-pin name, not something this course chose, so they're excluded from the word-choice reconciliation entirely.
A3: C002 | B3: Newly Spawned Enemy Reference | C3: Variable | D3: Holds a reference to the specific enemy instance just created inside the spawn loop, so per-instance edits (e.g. Level 3's stripe color) apply to only that one instance. | E3: Not yet confirmed | F3: new_enemy | G3: new_enemy | H3: new_enemy (via Create Instance's Target field) | I3: newEnemy | J3: Not applicable - Instantiate's output wired directly to Set Position, no named variable | K3: Not yet confirmed | L3: Not yet audited | M3: Not yet audited | N3: Not applicable - Spawn Actor from Class's Return Value wired directly, no named variable | O3: Not applicable - SpawnActor<>() call result isn't stored in this course's current code | P3: Structural Gap | Q3: Godot, GameMaker, and Unity's C# track all promote the spawned instance to a named variable (new_enemy / newEnemy). Unity Visual Scripting, Unreal Blueprint, and Unreal C++ currently wire the result directly with no name at all - this is a structural inconsistency, not just a naming one (there's no variable to rename). Tracked under Standards Rule 12's coordinated pass; the Unreal Blueprint case is the one that originally surfaced this gap (see Book Notes & To-Do).
A4: C003 | B4: Per-Frame Update Hook | C4: Function / Event | D4: The engine's mechanism for running logic once every rendered frame (continuous input polling, movement, etc.), established starting Lesson 2. | E4: "forever" loop block (no discrete named function) | F4: _process(delta) | G4: Step event | H4: Step event (same event as Script; Visual-track blocks live inside it) | I4: Update() | J4: Not yet confirmed against actual course content | K4: Not applicable - event sheet conditions are re-checked every frame implicitly, no named function | L4: Not applicable by design - continuous motion uses the built-in Automatic Movement Actor setting; input is trigger-based (Pressed/Released), never per-frame polling | M4: function TIC() (exact capitalization required) | N4: Event Tick | O4: Tick(float DeltaSeconds) override (parameter is named DeltaSeconds in this course's code, not DeltaTime) | P4: Not Applicable | Q4: This is a case where "consistency" correctly does NOT mean "the same name everywhere": GDevelop and 001 Game Creator are architecturally event-driven/declarative and correctly have no per-frame hook at all - forcing one in would fight those engines' own idioms (Standards Rule 5). Included here as the model example of a concept where Rule 12's consistency goal doesn't apply, so a future contributor doesn't try to manufacture an equivalent that shouldn't exist.

Sheet Concept Lookup
B2: Concept Lookup
B4: Select Concept ID: | C4: C001
B6: Concept Name: | C6: =IFERROR(INDEX(Dictionary!$B$2:$B$21,MATCH($C$4,Dictionary!$A$2:$A$21,0)),"") -> Spawn Loop Counter
B8: Category: | C8: =IFERROR(INDEX(Dictionary!$C$2:$C$21,MATCH($C$4,Dictionary!$A$2:$A$21,0)),"") -> Variable
B10: Description: | C10: =IFERROR(INDEX(Dictionary!$D$2:$D$21,MATCH($C$4,Dictionary!$A$2:$A$21,0)),"") -> Tracks which enemy (0-based position) is being created during the Level 1 spawn loop; also drives Level 3's alternating stripe color.
B12: Per-Engine Names
B14: Scratch: | C14: =IFERROR(INDEX(Dictionary!$E$2:$E$21,MATCH($C$4,Dictionary!$A$2:$A$21,0)),"") -> enemy_number (pending rename - see Notes)
B15: Godot (GDScript): | C15: =IFERROR(INDEX(Dictionary!$F$2:$F$21,MATCH($C$4,Dictionary!$A$2:$A$21,0)),"") -> enemy_count
B16: GameMaker - Script (GML): | C16: =IFERROR(INDEX(Dictionary!$G$2:$G$21,MATCH($C$4,Dictionary!$A$2:$A$21,0)),"") -> enemy_count
B17: GameMaker - Visual (GML Visual): | C17: =IFERROR(INDEX(Dictionary!$H$2:$H$21,MATCH($C$4,Dictionary!$A$2:$A$21,0)),"") -> enemy_count
B18: Unity - C# (Script): | C18: =IFERROR(INDEX(Dictionary!$I$2:$I$21,MATCH($C$4,Dictionary!$A$2:$A$21,0)),"") -> enemyIndex (deviates - see Notes)
B19: Unity - Visual Scripting: | C19: =IFERROR(INDEX(Dictionary!$J$2:$J$21,MATCH($C$4,Dictionary!$A$2:$A$21,0)),"") -> Index (native ForLoop pin - not a chosen variable)
B20: GDevelop: | C20: =IFERROR(INDEX(Dictionary!$K$2:$K$21,MATCH($C$4,Dictionary!$A$2:$A$21,0)),"") -> EnemyIndex
B21: 001 Game Creator: | C21: =IFERROR(INDEX(Dictionary!$L$2:$L$21,MATCH($C$4,Dictionary!$A$2:$A$21,0)),"") -> Not yet audited
B22: TIC-80 (Lua): | C22: =IFERROR(INDEX(Dictionary!$M$2:$M$21,MATCH($C$4,Dictionary!$A$2:$A$21,0)),"") -> Not yet audited (known to still use bare i as of last audit)
B23: Unreal - Blueprint: | C23: =IFERROR(INDEX(Dictionary!$N$2:$N$21,MATCH($C$4,Dictionary!$A$2:$A$21,0)),"") -> Index (native ForLoop pin - not a chosen variable)
B24: Unreal - C++: | C24: =IFERROR(INDEX(Dictionary!$O$2:$O$21,MATCH($C$4,Dictionary!$A$2:$A$21,0)),"") -> EnemyCount
B26: Consistency Status: | C26: =IFERROR(INDEX(Dictionary!$P$2:$P$21,MATCH($C$4,Dictionary!$A$2:$A$21,0)),"") -> Reconciliation Pending
B28: Notes: | C28: =IFERROR(INDEX(Dictionary!$Q$2:$Q$21,MATCH($C$4,Dictionary!$A$2:$A$21,0)),"") -> Winning word per Robert's explicit decision is "count" (enemy_count / EnemyCount) - reconciled across GameMaker, Godot, and Unreal's C++ track. Scratch (enemy_number) is queued for rename to match. Unity's enemyIndex deviates on purpose: Unity's EnemySpawner already has a public enemyCount field for the total-to-spawn, so reusing that name for the loop counter would shadow it - left as enemyIndex pending the Rule 12 coordinated pass. GDevelop's EnemyIndex is meaningful but a different underlying word ("index" vs. "count") - also queued for that same pass. Unity Visual Scripting's and Unreal Blueprint's "Index" are each engine's own fixed node-pin name, not something this course chose, so they're excluded from the word-choice reconciliation entirely.

Sheet Engine Report
B2: Engine Reference Report
B4: Select Engine / Coding Style: | C4: Scratch
B6: Concept Name | C6: Category | D6: This Engine's Term | E6: Notes
B7: =IF(Dictionary!$A$2="","",Dictionary!$B$2) -> Spawn Loop Counter | C7: =IF($B7="","",Dictionary!$C$2) -> Variable | D7: =IF($B7="","",IFERROR(INDEX(Dictionary!$E$2:$O$2,MATCH($C$4,Dictionary!$E$1:$O$1,0)),"")) -> enemy_number (pending rename - see Notes) | E7: =IF($B7="","",Dictionary!$Q$2) -> Winning word per Robert's explicit decision is "count" (enemy_count / EnemyCount) - reconciled across GameMaker, Godot, and Unreal's C++ track. Scratch (enemy_number) is queued for rename to match. Unity's enemyIndex deviates on purpose: Unity's EnemySpawner already has a public enemyCount field for the total-to-spawn, so reusing that name for the loop counter would shadow it - left as enemyIndex pending the Rule 12 coordinated pass. GDevelop's EnemyIndex is meaningful but a different underlying word ("index" vs. "count") - also queued for that same pass. Unity Visual Scripting's and Unreal Blueprint's "Index" are each engine's own fixed node-pin name, not something this course chose, so they're excluded from the word-choice reconciliation entirely.
B8: =IF(Dictionary!$A$3="","",Dictionary!$B$3) -> Newly Spawned Enemy Reference | C8: =IF($B8="","",Dictionary!$C$3) -> Variable | D8: =IF($B8="","",IFERROR(INDEX(Dictionary!$E$3:$O$3,MATCH($C$4,Dictionary!$E$1:$O$1,0)),"")) -> Not yet confirmed | E8: =IF($B8="","",Dictionary!$Q$3) -> Godot, GameMaker, and Unity's C# track all promote the spawned instance to a named variable (new_enemy / newEnemy). Unity Visual Scripting, Unreal Blueprint, and Unreal C++ currently wire the result directly with no name at all - this is a structural inconsistency, not just a naming one (there's no variable to rename). Tracked under Standards Rule 12's coordinated pass; the Unreal Blueprint case is the one that originally surfaced this gap (see Book Notes & To-Do).
B9: =IF(Dictionary!$A$4="","",Dictionary!$B$4) -> Per-Frame Update Hook | C9: =IF($B9="","",Dictionary!$C$4) -> Function / Event | D9: =IF($B9="","",IFERROR(INDEX(Dictionary!$E$4:$O$4,MATCH($C$4,Dictionary!$E$1:$O$1,0)),"")) -> "forever" loop block (no discrete named function) | E9: =IF($B9="","",Dictionary!$Q$4) -> This is a case where "consistency" correctly does NOT mean "the same name everywhere": GDevelop and 001 Game Creator are architecturally event-driven/declarative and correctly have no per-frame hook at all - forcing one in would fight those engines' own idioms (Standards Rule 5). Included here as the model example of a concept where Rule 12's consistency goal doesn't apply, so a future contributor doesn't try to manufacture an equivalent that shouldn't exist.
B10: =IF(Dictionary!$A$5="","",Dictionary!$B$5) | C10: =IF($B10="","",Dictionary!$C$5) | D10: =IF($B10="","",IFERROR(INDEX(Dictionary!$E$5:$O$5,MATCH($C$4,Dictionary!$E$1:$O$1,0)),"")) | E10: =IF($B10="","",Dictionary!$Q$5)
B11: =IF(Dictionary!$A$6="","",Dictionary!$B$6) | C11: =IF($B11="","",Dictionary!$C$6) | D11: =IF($B11="","",IFERROR(INDEX(Dictionary!$E$6:$O$6,MATCH($C$4,Dictionary!$E$1:$O$1,0)),"")) | E11: =IF($B11="","",Dictionary!$Q$6)
B12: =IF(Dictionary!$A$7="","",Dictionary!$B$7) | C12: =IF($B12="","",Dictionary!$C$7) | D12: =IF($B12="","",IFERROR(INDEX(Dictionary!$E$7:$O$7,MATCH($C$4,Dictionary!$E$1:$O$1,0)),"")) | E12: =IF($B12="","",Dictionary!$Q$7)
B13: =IF(Dictionary!$A$8="","",Dictionary!$B$8) | C13: =IF($B13="","",Dictionary!$C$8) | D13: =IF($B13="","",IFERROR(INDEX(Dictionary!$E$8:$O$8,MATCH($C$4,Dictionary!$E$1:$O$1,0)),"")) | E13: =IF($B13="","",Dictionary!$Q$8)
B14: =IF(Dictionary!$A$9="","",Dictionary!$B$9) | C14: =IF($B14="","",Dictionary!$C$9) | D14: =IF($B14="","",IFERROR(INDEX(Dictionary!$E$9:$O$9,MATCH($C$4,Dictionary!$E$1:$O$1,0)),"")) | E14: =IF($B14="","",Dictionary!$Q$9)
B15: =IF(Dictionary!$A$10="","",Dictionary!$B$10) | C15: =IF($B15="","",Dictionary!$C$10) | D15: =IF($B15="","",IFERROR(INDEX(Dictionary!$E$10:$O$10,MATCH($C$4,Dictionary!$E$1:$O$1,0)),"")) | E15: =IF($B15="","",Dictionary!$Q$10)
B16: =IF(Dictionary!$A$11="","",Dictionary!$B$11) | C16: =IF($B16="","",Dictionary!$C$11) | D16: =IF($B16="","",IFERROR(INDEX(Dictionary!$E$11:$O$11,MATCH($C$4,Dictionary!$E$1:$O$1,0)),"")) | E16: =IF($B16="","",Dictionary!$Q$11)
B17: =IF(Dictionary!$A$12="","",Dictionary!$B$12) | C17: =IF($B17="","",Dictionary!$C$12) | D17: =IF($B17="","",IFERROR(INDEX(Dictionary!$E$12:$O$12,MATCH($C$4,Dictionary!$E$1:$O$1,0)),"")) | E17: =IF($B17="","",Dictionary!$Q$12)
B18: =IF(Dictionary!$A$13="","",Dictionary!$B$13) | C18: =IF($B18="","",Dictionary!$C$13) | D18: =IF($B18="","",IFERROR(INDEX(Dictionary!$E$13:$O$13,MATCH($C$4,Dictionary!$E$1:$O$1,0)),"")) | E18: =IF($B18="","",Dictionary!$Q$13)
B19: =IF(Dictionary!$A$14="","",Dictionary!$B$14) | C19: =IF($B19="","",Dictionary!$C$14) | D19: =IF($B19="","",IFERROR(INDEX(Dictionary!$E$14:$O$14,MATCH($C$4,Dictionary!$E$1:$O$1,0)),"")) | E19: =IF($B19="","",Dictionary!$Q$14)
B20: =IF(Dictionary!$A$15="","",Dictionary!$B$15) | C20: =IF($B20="","",Dictionary!$C$15) | D20: =IF($B20="","",IFERROR(INDEX(Dictionary!$E$15:$O$15,MATCH($C$4,Dictionary!$E$1:$O$1,0)),"")) | E20: =IF($B20="","",Dictionary!$Q$15)
B21: =IF(Dictionary!$A$16="","",Dictionary!$B$16) | C21: =IF($B21="","",Dictionary!$C$16) | D21: =IF($B21="","",IFERROR(INDEX(Dictionary!$E$16:$O$16,MATCH($C$4,Dictionary!$E$1:$O$1,0)),"")) | E21: =IF($B21="","",Dictionary!$Q$16)
B22: =IF(Dictionary!$A$17="","",Dictionary!$B$17) | C22: =IF($B22="","",Dictionary!$C$17) | D22: =IF($B22="","",IFERROR(INDEX(Dictionary!$E$17:$O$17,MATCH($C$4,Dictionary!$E$1:$O$1,0)),"")) | E22: =IF($B22="","",Dictionary!$Q$17)
B23: =IF(Dictionary!$A$18="","",Dictionary!$B$18) | C23: =IF($B23="","",Dictionary!$C$18) | D23: =IF($B23="","",IFERROR(INDEX(Dictionary!$E$18:$O$18,MATCH($C$4,Dictionary!$E$1:$O$1,0)),"")) | E23: =IF($B23="","",Dictionary!$Q$18)
B24: =IF(Dictionary!$A$19="","",Dictionary!$B$19) | C24: =IF($B24="","",Dictionary!$C$19) | D24: =IF($B24="","",IFERROR(INDEX(Dictionary!$E$19:$O$19,MATCH($C$4,Dictionary!$E$1:$O$1,0)),"")) | E24: =IF($B24="","",Dictionary!$Q$19)
B25: =IF(Dictionary!$A$20="","",Dictionary!$B$20) | C25: =IF($B25="","",Dictionary!$C$20) | D25: =IF($B25="","",IFERROR(INDEX(Dictionary!$E$20:$O$20,MATCH($C$4,Dictionary!$E$1:$O$1,0)),"")) | E25: =IF($B25="","",Dictionary!$Q$20)
B26: =IF(Dictionary!$A$21="","",Dictionary!$B$21) | C26: =IF($B26="","",Dictionary!$C$21) | D26: =IF($B26="","",IFERROR(INDEX(Dictionary!$E$21:$O$21,MATCH($C$4,Dictionary!$E$1:$O$1,0)),"")) | E26: =IF($B26="","",Dictionary!$Q$21)
